cluster,False,True
0,0.9966666666666667,0.21
1,0.0,0.3566666666666667
2,0.0033333333333333335,0.0
3,0.0,0.43333333333333335
