cluster,False,True
1,0.0,0.43333333333333335
2,0.0033333333333333335,0.0
3,0.0,0.3566666666666667
4,0.33,0.0
7,0.6666666666666666,0.21
