,uncertainty,uncertainty,entropy,entropy,anomaly,anomaly
,mean,std,mean,std,mean,std
trism_enabled,,,,,,
False,2.844068480722939e-09,3.650722142299854e-08,4.5075291709825305e-08,5.626623709595781e-07,0.023333333333333334,0.15121212222763142
True,0.0,0.0,8.102707075741392e-43,6.931322783751813e-42,0.07666666666666666,0.26650636207348033
